{"stats":{"minecraft:crafted":{"quark:birch_chest":2,"iceandfire:tide_purple_leggings":1,"minecraft:chain":1,"thaumia:tainted_fence":15,"quark:deepslate_furnace":2,"hexerei:mahogany_planks":140,"patchouli:guide_book":2,"thaumia:silverwood_log":40,"minecraft:cooked_mutton":6,"blue_skies:blue_journal":2,"minecraft:copper_ingot":11,"quark:oak_chest":4,"minecraft:iron_pickaxe":2,"minecraft:iron_block":2,"iceandfire:silver_sword":2,"minecraft:iron_nugget":9,"thaumia:brass_ingot":10,"minecraft:spyglass":4,"minecraft:stone_pickaxe":1,"minecraft:wheat":468,"iter_rpg:iron_flail":1,"thaumia:scanner":10,"minecraft:iron_shovel":1,"minecraft:iron_leggings":5,"iceandfire:silver_pickaxe":1,"minecraft:oak_planks":268,"iceandfire:tide_purple_boots":1,"iceandfire:tide_teal_chestplate":1,"quark:cherry_chest":2,"minecraft:bow":1,"minecraft:iron_boots":3,"iceandfire:armor_silver_metal_leggings":1,"thaumia:bag":2,"thaumia:cured_brain":10,"minecraft:crafting_table":11,"minecraft:wooden_pickaxe":1,"minecraft:baked_potato":106,"minecraft:iron_helmet":3,"minecraft:birch_planks":16,"thaumia:greatwood_planks":68,"minecraft:iron_chestplate":6,"minecraft:diamond_pickaxe":2,"minecraft:shield":4,"iceandfire:tide_teal_helmet":1,"minecraft:stick":212,"minecraft:iron_ingot":158,"minecraft:stone_sword":1,"iter_rpg:iron_spear":1,"thaumia:greatwood_fence":18,"minecraft:cherry_planks":108,"thaumia:tainted_fence_gate":2,"malum:runewood_planks":28,"minecraft:furnace":1,"blue_skies:zeal_lighter":2,"thaumia:ancient_stone_tablet":8,"thaumia:tainted_planks":124,"minecraft:iron_axe":3,"minecraft:iron_hoe":1,"minecraft:cooked_beef":8,"iceandfire:silver_ingot":14,"iceandfire:tide_trident":2,"minecraft:iron_sword":2,"minecraft:bucket":2,"minecraft:stone_axe":2,"minecraft:bread":165,"minecraft:air":0,"minecraft:jungle_planks":24,"aether:iron_gloves":1,"thaumia:ancient_weapon":10,"minecraft:torch":544},"minecraft:killed":{"minecraft:cave_spider":8,"iceandfire:gorgon":1,"minecraft:cod":2,"undead_revamp2:theswarmer":2,"minecraft:skeleton":8,"minecraft:chicken":1,"steam_powered:giant_crab":2,"thaumia:giant_phantom":2,"minecraft:pillager":2,"minecraft:zombie":29,"minecraft:cow":2,"iceandfire:sea_serpent":4,"undead_revamp2:thehunter":6,"undead_revamp2:theimmortal":1,"minecraft:vindicator":1,"undead_revamp2:bomber":1,"mokels_adventure:knight":1,"undead_revamp2:the_moonflower":13,"undead_revamp2:thesomnolence":9,"iceandfire:ghost":6,"blue_skies:crystal_camel":1,"thaumia:angry_zombie":1,"minecraft:enderman":1,"minecraft:spider":5,"undead_revamp2:thesmoker":1,"minecraft:bee":2,"realmrpg_demons:chort":12,"thaumia:tainted_grub":6,"undead_revamp2:therod":3,"irons_spellbooks:summoned_skeleton":1,"minecraft:pig":4,"iter_rpg:spiderling":1,"minecraft:creeper":1,"minecraft:sheep":4,"undead_revamp2:theskeeper":1,"irons_spellbooks:summoned_zombie":1,"thaumia:bouldering_zombie":1,"minecraft:phantom":1,"undead_revamp2:thehorrors":1,"undead_revamp2:sucker":9,"alexsmobs:flying_fish":1,"mowziesmobs:umvuthana":8,"theinkarena:natural_ink_brute":1,"blue_skies:horizofin_tunid":1,"iceandfire:troll":2,"the_dead_forest:vinelife":1,"mokels_adventure:cultist":2},"minecraft:killed_by":{"undead_revamp2:the_moonflower":5,"minecraft:vindicator":1,"minecraft:zombie":9,"undead_revamp2:thepregnant":1,"undead_revamp2:thegliter":1,"irons_spellbooks:summoned_skeleton":1,"undead_revamp2:thesomnolence":2,"goblins_tyranny:mini_goblin_3":1,"the_dead_forest:vinelife":9,"undead_revamp2:thebeartamer":3,"undead_revamp2:sucker":4,"minecraft:creeper":8,"iceandfire:sea_serpent":8,"mowziesmobs:umvuthi":2,"minecraft:cave_spider":1,"iceandfire:ice_dragon":2,"iter_rpg:giant_spider":1,"undead_revamp2:theheavy":3,"iceandfire:fire_dragon":12,"minecraft:player":4,"realmrpg_demons:chort":16,"minecraft:enderman":2,"undead_revamp2:thehorrors":3,"undead_revamp2:thehunter":3,"iceandfire:gorgon":4,"undead_revamp2:therod":3,"irons_spellbooks:necromancer":8,"minecraft:skeleton":7,"thaumia:tainted_grub":4},"minecraft:broken":{"minecraft:iron_boots":2,"minecraft:iron_chestplate":2,"minecraft:iron_leggings":1,"iceandfire:silver_sword":1,"iceandfire:armor_silver_metal_leggings":1,"minecraft:iron_helmet":2,"minecraft:stone_axe":1,"mowziesmobs:umvuthana_mask_misery":2},"minecraft:dropped":{"minecraft:iron_sword":2,"iceandfire:raw_silver":2,"minecraft:lapis_lazuli":3,"minecraft:diamond":1,"hexerei:mahogany_sapling":10,"minecraft:crossbow":1,"thaumia:zombie_brain":5,"thaumia:lootbag_uncommon":1,"iceandfire:ectoplasm":3,"iceandfire:tide_purple_leggings":2,"minecraft:rail":3,"minecraft:red_mushroom":2,"iceandfire:sea_serpent_scales_teal":18,"minecraft:dirt":8,"minecraft:grass":4,"irons_spellbooks:arcane_essence":3,"minecraft:gold_nugget":25,"minecraft:iron_pickaxe":3,"minecraft:bone":15,"minecraft:stone_axe":3,"minecraft:iron_nugget":41,"minecraft:cobbled_deepslate":122,"alexsmobs:animal_dictionary":2,"minecraft:birch_sapling":5,"minecraft:wheat":6,"undead_revamp2:arapholia":2,"minecraft:rotten_flesh":79,"minecraft:oak_planks":30,"thaumia:silverwood_log":40,"goblins_tyranny:shaman_skull":1,"thaumia:ancient_weapon":12,"thaumia:arcane_moon_engrave":4,"iceandfire:ghost_chest":1,"iceandfire:bestiary":1,"minecraft:beef":1,"minecraft:infested_cobblestone":28,"iceandfire:manuscript":10,"minecraft:iron_ingot":7,"minecraft:wheat_seeds":3,"minecraft:tnt":1,"minecraft:iron_helmet":1,"minecraft:feather":4,"minecraft:cobblestone":23,"minecraft:apple":13,"minecraft:granite":1,"blue_skies:zeal_lighter":1,"minecraft:coal":1,"iceandfire:troll_weapon_axe":2,"minecraft:cobweb":8,"iceandfire:copper_nugget":10,"thaumia:workbench":1,"thaumia:scanner":14,"minecraft:iron_shovel":1,"minecraft:paper":14,"minecraft:string":40,"iceandfire:silver_nugget":10,"hexerei:sage_seed":3,"iceandfire:ghost_ingot":1,"minecraft:stone_sword":2,"hexerei:mahogany_planks":112,"minecraft:smooth_stone_slab":1,"iceandfire:troll_leather_forest":1,"minecraft:iron_boots":1,"thaumia:copper_coin":1,"minecraft:blast_furnace":1,"minecraft:diamond_pickaxe":1,"iceandfire:silver_ingot":2,"minecraft:spider_eye":4,"minecraft:stone_bricks":3,"minecraft:bamboo":76,"iceandfire:sea_serpent_fang":29,"minecraft:black_wool":1,"minecraft:brown_mushroom":6,"iceandfire:tide_teal_chestplate":1,"minecraft:oak_log":2,"minecraft:dark_oak_sapling":4,"iceandfire:tide_purple_boots":2,"thaumia:lootbag_rare":1,"iceandfire:tide_trident":2,"minecraft:flint":2,"blue_skies:blue_journal":1,"minecraft:dark_oak_log":71,"minecraft:mutton":6,"minecraft:coast_armor_trim_smithing_template":2,"thaumia:puriflower":1,"minecraft:amethyst_shard":19,"thaumia:taint_crystal":14,"minecraft:gravel":24,"minecraft:spyglass":1,"steam_powered:raw_zinc":2,"minecraft:cherry_sapling":1,"minecraft:cooked_mutton":6,"minecraft:carrot":16,"patchouli:guide_book":1,"supplementaries:ash":23,"minecraft:skeleton_skull":1,"iceandfire:tide_teal_helmet":1,"iceandfire:pixie_dust":2,"irons_spellbooks:arcane_debris":1,"minecraft:arrow":11,"thaumia:tainted_log":1,"minecraft:quartz":18,"minecraft:netherrack":5,"iceandfire:silver_pickaxe":1,"minecraft:bread":51,"minecraft:mossy_cobblestone":7,"thaumia:ancient_stone_tablet":8,"minecraft:copper_ingot":7,"minecraft:stick":32,"thaumia:petrified_log":2,"minecraft:diorite":1,"minecraft:torch":51,"minecraft:iron_axe":1,"minecraft:bucket":1,"minecraft:smooth_basalt":2,"minecraft:kelp":6,"minecraft:tuff":15,"thaumia:fire_crystal":8,"minecraft:iron_hoe":1,"thaumia:iron_greatwood":6,"thaumia:gold_greatwood":1,"thaumia:arcane_bag":1,"minecraft:shield":2,"iceandfire:rotten_egg":1,"minecraft:iron_chestplate":3,"minecraft:andesite":3,"minecraft:mossy_stone_bricks":3,"minecraft:oak_sapling":12,"thaumia:tarnished_chalice":13,"minecraft:slime_ball":5,"minecraft:stone_pickaxe":1,"minecraft:wooden_pickaxe":1,"minecraft:raw_gold":2,"minecraft:calcite":2,"thaumia:chaos_crystal":2,"minecraft:brick":4,"thaumia:bag":2},"minecraft:mined":{"malum:brilliant_stone":2,"iceandfire:copper_pile":4,"minecraft:cherry_log":23,"minecraft:obsidian":1,"minecraft:granite":2,"minecraft:jungle_log":12,"thaumia:crate":4,"malum:deepslate_quartz_ore":6,"minecraft:spawner":4,"thaumia:air_deepslate":63,"minecraft:cobbled_deepslate":2,"minecraft:fire":8,"minecraft:deepslate_lapis_ore":7,"hexerei:mahogany_log":46,"thaumia:research_table":1,"minecraft:cave_vines":4,"iceandfire:gold_pile":6,"goblins_tyranny:shaman_skull":1,"thaumia:loot_urn":2,"minecraft:kelp_plant":3,"minecraft:smoker":1,"minecraft:amethyst_cluster":3,"thaumia:loot_crate":2,"minecraft:torch":13,"irons_spellbooks:arcane_debris":1,"minecraft:blast_furnace":1,"thaumia:taint_deepslate":8,"malum:brilliant_deepslate":1,"thaumia:tainted_dirt":1,"minecraft:sugar_cane":2,"minecraft:amethyst_block":1,"minecraft:skeleton_skull":1,"thaumia:golden_loot_crate":2,"minecraft:grass":39,"thaumia:chaos_deepslate":33,"minecraft:smooth_basalt":2,"thaumia:order_stone":12,"minecraft:deepslate":224,"thaumia:eldritch_log":5,"thaumia:chaos_stone":20,"thaumia:deepslate_cinnabar_ore":2,"iceandfire:silver_ore":12,"minecraft:mossy_cobblestone":8,"minecraft:dark_oak_log":73,"thaumia:water_deepslate":18,"thaumia:greatwood_log":17,"minecraft:kelp":5,"steam_powered:tin_ore":73,"steam_powered:zinc_ore":67,"minecraft:redstone_ore":8,"minecraft:andesite":3,"minecraft:potatoes":2,"minecraft:vine":2,"minecraft:rail":3,"minecraft:bamboo":6,"iceandfire:podium_spruce":2,"minecraft:smithing_table":1,"minecraft:oak_slab":1,"minecraft:glass_pane":1,"iter_rpg:vase":1,"minecraft:tall_grass":10,"minecraft:copper_ore":13,"minecraft:deepslate_gold_ore":12,"minecraft:diorite":3,"minecraft:cobblestone_wall":3,"minecraft:birch_leaves":1,"thaumia:puriflower":2,"iceandfire:silver_pile":15,"minecraft:cobweb":90,"minecraft:stone_bricks":3,"malum:runewood_log":26,"minecraft:gold_ore":3,"minecraft:fern":3,"thaumia:earth_deepslate":27,"minecraft:large_amethyst_bud":1,"thaumia:greatwood_fence":2,"thaumia:earth_stone":19,"malum:soulstone_ore":23,"thaumia:workbench":1,"minecraft:grass_block":22,"thaumia:quartz_ore":10,"thaumia:deepslate_experience_ore":50,"iceandfire:lectern":3,"minecraft:purple_stained_glass_pane":1,"minecraft:smooth_stone":3,"minecraft:raw_iron_block":4,"minecraft:iron_ore":150,"blue_skies:lunar_stonebrick":4,"thaumia:water_stone":26,"minecraft:iron_bars":1,"thaumia:deepslate_amber_ore":41,"minecraft:deepslate_redstone_ore":17,"minecraft:medium_amethyst_bud":1,"thaumia:taint_stone":99,"minecraft:calcite":2,"iceandfire:ghost_chest":3,"minecraft:chest":2,"minecraft:cobblestone":22,"minecraft:grindstone":1,"minecraft:oak_planks":12,"thaumia:order_deepslate":54,"minecraft:wall_torch":8,"minecraft:birch_log":36,"thaumia:silverwood_log":13,"minecraft:tnt":1,"minecraft:smooth_stone_slab":2,"minecraft:oak_log":34,"minecraft:dirt":35,"minecraft:netherrack":9,"thaumia:air_stone":16,"minecraft:oak_leaves":7,"alexscaves:spelunkery_table":1,"minecraft:crying_obsidian":1,"minecraft:tuff":17,"minecraft:deepslate_diamond_ore":2,"minecraft:dark_oak_leaves":22,"thaumia:tainted_planks":13,"minecraft:ladder":1,"minecraft:decorated_pot":1,"iter_rpg:big_vase":1,"steam_powered:verdantium_ore":4,"malum:exposed_runewood_log":1,"minecraft:hay_block":80,"iter_rpg:small_vase":3,"minecraft:bookshelf":22,"minecraft:deepslate_iron_ore":81,"thaumia:fire_deepslate":35,"minecraft:stone":360,"iceandfire:pixie_jar_empty":2,"thaumia:taint_plant":1,"thaumia:deepslate_quartz_ore":31,"thaumia:tainted_log":25,"thaumia:fire_stone":17,"minecraft:lapis_ore":6,"thaumia:iron_greatwood":2,"thaumia:thaumium_loot_crate":1,"supplementaries:urn":14,"minecraft:brick_slab":1,"iter_rpg:abyss_quartz":5,"minecraft:yellow_bed":15,"minecraft:coal_ore":196,"minecraft:cracked_stone_bricks":2,"minecraft:mossy_stone_bricks":6,"thaumia:tainted_grass":1},"minecraft:picked_up":{"minecraft:iron_chestplate":4,"minecraft:smithing_table":1,"minecraft:lead":1,"thaumia:greatwood_fence":1,"minecraft:amethyst_block":1,"minecraft:string":136,"minecraft:gold_nugget":37,"minecraft:cobbled_deepslate":337,"steam_powered:raw_zinc":67,"minecraft:melon_slice":19,"thaumia:tainted_grass":1,"hexerei:mahogany_log":35,"thaumia:tainted_log":23,"minecraft:cherry_log":16,"minecraft:stone_sword":1,"supplementaries:ash":22,"thaumia:gold_greatwood":1,"alexsmobs:flying_fish":1,"minecraft:birch_log":36,"minecraft:feather":18,"minecraft:jungle_log":6,"minecraft:smoker":1,"minecraft:flint":2,"thaumia:arcane_moon_engrave":6,"thaumia:tainted_dirt":1,"undead_revamp2:blacpetalblock":1,"thaumia:lootbag_rare":1,"iceandfire:tide_purple_boots":1,"hexerei:animal_fat":3,"malum:raw_soulstone":22,"theinkarena:ink_power_scroll":1,"minecraft:dark_oak_log":137,"alexsmobs:animal_dictionary":1,"minecraft:iron_hoe":1,"iceandfire:lectern":3,"iceandfire:troll_weapon_axe":2,"minecraft:granite":1,"minecraft:bread":24,"iceandfire:troll_leather_forest":2,"iceandfire:gorgon_head":1,"iceandfire:raw_silver":14,"minecraft:diamond_pickaxe":1,"minecraft:infested_cobblestone":28,"dungeonnowloading:spawner_fragment":19,"iceandfire:ghost_ingot":1,"minecraft:beef":3,"minecraft:jungle_sapling":1,"minecraft:iron_nugget":35,"minecraft:chest":2,"minecraft:birch_sapling":10,"minecraft:music_disc_mellohi":1,"minecraft:carrot":16,"minecraft:redstone":78,"minecraft:tnt":1,"thaumia:ancient_seal":2,"minecraft:hay_block":77,"thaumia:tainted_grub_husk":6,"minecraft:mutton":12,"minecraft:white_wool":4,"minecraft:rail":7,"thaumia:warded_glass_pane":2,"iceandfire:sea_serpent_fang":61,"malum:cluster_of_brilliance":3,"minecraft:red_mushroom":2,"minecraft:oak_log":37,"thaumia:order_crystal":128,"malum:exposed_runewood_log":1,"minecraft:paper":4,"thaumia:eldritch_log":5,"mowziesmobs:umvuthana_mask_rage":1,"minecraft:stone_bricks":3,"minecraft:apple":2,"iceandfire:pixie_jar_empty":1,"minecraft:kelp":11,"minecraft:cobweb":8,"thaumia:ancient_stone_tablet":8,"minecraft:iron_sword":1,"iceandfire:copper_nugget":24,"minecraft:smooth_basalt":2,"thaumia:amber":80,"minecraft:gravel":24,"blue_skies:horizofin_tunid":1,"minecraft:crying_obsidian":1,"minecraft:slime_ball":14,"minecraft:stone_axe":2,"thaumia:greatwood_log":10,"thaumia:experience_shard":100,"mowziesmobs:umvuthana_mask_fear":1,"thaumia:earth_crystal":92,"minecraft:ender_pearl":1,"minecraft:wheat":18,"thaumia:fire_crystal":112,"minecraft:raw_copper":41,"iceandfire:sea_serpent_scales_teal":36,"minecraft:smooth_stone_slab":2,"minecraft:iron_leggings":1,"thaumia:silverwood_log":53,"minecraft:zombie_head":1,"irons_spellbooks:arcane_essence":3,"minecraft:smooth_stone":2,"minecraft:bucket":1,"thaumia:petrified_log":4,"minecraft:calcite":2,"minecraft:iron_pickaxe":1,"minecraft:iron_boots":1,"iceandfire:pixie_dust":1,"minecraft:stick":37,"iceandfire:ghost_chest":4,"minecraft:torch":74,"minecraft:porkchop":9,"iceandfire:rotten_egg":1,"minecraft:diorite":4,"iceandfire:tide_purple_leggings":1,"thaumia:tallow":1,"thaumia:envy_crystal":1,"thaumia:taint_crystal":220,"minecraft:rotten_flesh":131,"thaumia:lootbag":2,"goblins_tyranny:shaman_skull":2,"irons_spellbooks:arcane_debris":2,"minecraft:obsidian":1,"minecraft:cod":3,"undead_revamp2:arapholia":4,"minecraft:cobblestone":372,"minecraft:andesite":3,"minecraft:potato":31,"thaumia:arcane_bag":1,"minecraft:tuff":15,"undead_revamp2:huntereye":1,"minecraft:dirt":68,"minecraft:lapis_lazuli":83,"minecraft:bone":48,"iter_rpg:ametrine_nugget":1,"thaumia:tarnished_chalice":20,"thaumia:chaos_crystal":100,"minecraft:wheat_seeds":3,"minecraft:bow":1,"thaumia:copper_coin":2,"minecraft:raw_gold":18,"minecraft:grindstone":1,"thaumia:workbench":2,"thaumia:zombie_brain":18,"minecraft:mossy_stone_bricks":4,"minecraft:bamboo":140,"minecraft:oak_planks":104,"minecraft:ghast_tear":2,"iceandfire:podium_spruce":2,"thaumia:broken_spawner":4,"thaumia:water_crystal":86,"minecraft:mossy_cobblestone":11,"thaumia:scanner":6,"minecraft:diamond":3,"waystones:waystone":1,"iter_rpg:abyssquartz_shard":10,"minecraft:crossbow":1,"minecraft:grass":2,"minecraft:emerald":10,"minecraft:oak_sapling":12,"iceandfire:tide_trident":1,"minecraft:netherrack":10,"iceandfire:silver_nugget":88,"thaumia:ancient_weapon":15,"thaumia:gluttony_crystal":2,"minecraft:charcoal":2,"minecraft:chicken":1,"the_dead_forest:thick_wood_leaves":1,"minecraft:brown_mushroom":6,"thaumia:lootbag_uncommon":2,"minecraft:brick":4,"thaumia:thaumium_ingot":1,"hexerei:mahogany_sapling":20,"minecraft:sugar_cane":5,"minecraft:phantom_membrane":1,"minecraft:dark_oak_sapling":8,"minecraft:raw_iron":228,"minecraft:copper_ingot":10,"thaumia:brass_ingot":1,"hexerei:sage_seed":4,"thaumia:crate":4,"thaumia:tainted_planks":6,"iceandfire:silver_ingot":2,"iceandfire:sea_serpent_scales_purple":11,"minecraft:arrow":19,"thaumia:iron_greatwood":7,"malum:natural_quartz":5,"alexscaves:spelunkery_table":1,"minecraft:skeleton_skull":2,"blue_skies:vitreous_moonstone":2,"iceandfire:ectoplasm":4,"minecraft:gunpowder":1,"malum:runewood_log":21,"minecraft:yellow_bed":14,"thaumia:bag":3,"minecraft:coast_armor_trim_smithing_template":2,"minecraft:iron_ingot":3,"blue_skies:lunar_stonebrick":4,"iter_rpg:potsherd":1,"steam_powered:verdantium_crystal":4,"thaumia:puriflower":2,"mowziesmobs:umvuthana_mask_misery":2,"minecraft:acacia_sapling":1,"minecraft:book":66,"minecraft:oak_slab":1,"thaumia:air_crystal":160,"minecraft:quartz":80,"minecraft:raw_iron_block":4,"hexerei:mahogany_planks":64,"minecraft:amethyst_shard":40,"minecraft:blast_furnace":2,"thaumia:research_table":1,"minecraft:spider_eye":4,"minecraft:brick_slab":1,"blue_skies:zeal_lighter":1,"iceandfire:silver_pickaxe":1,"steam_powered:raw_tin":69,"thaumia:mercurial_slime_ball":1,"minecraft:iron_helmet":3,"minecraft:cherry_sapling":9,"minecraft:black_wool":2,"minecraft:coal":201},"minecraft:used":{"iceandfire:lectern":2,"iter_rpg:iron_spear":123,"goblins_tyranny:shaman_skull":1,"minecraft:rotten_flesh":19,"quark:cherry_chest":2,"minecraft:brick_slab":1,"iceandfire:ghost_chest":1,"minecraft:bow":18,"minecraft:furnace":1,"minecraft:potato":3,"minecraft:mossy_stone_bricks":1,"minecraft:diorite":3,"minecraft:wooden_pickaxe":3,"minecraft:glow_berries":6,"thaumia:broken_spawner":1,"minecraft:blast_furnace":1,"iceandfire:silver_pickaxe":421,"minecraft:crying_obsidian":1,"thaumia:arcane_moon_engrave":1,"minecraft:stone_sword":75,"iceandfire:silver_sword":619,"minecraft:torch":516,"minecraft:iron_axe":243,"thaumia:tainted_planks":97,"thaumia:puriflower":1,"minecraft:cobbled_deepslate":84,"minecraft:water_bucket":29,"iter_rpg:iron_flail":38,"minecraft:cherry_planks":9,"minecraft:rail":4,"minecraft:oak_slab":1,"minecraft:crafting_table":11,"minecraft:diamond_pickaxe":1335,"minecraft:iron_pickaxe":223,"minecraft:cobblestone":79,"quark:oak_chest":4,"iceandfire:tide_trident":10,"minecraft:iron_shovel":42,"minecraft:shield":40,"minecraft:iron_sword":243,"minecraft:iron_chestplate":5,"minecraft:obsidian":1,"quark:deepslate_furnace":2,"blue_skies:lunar_stonebrick":14,"minecraft:iron_helmet":1,"the_dead_forest:thick_wood_leaves":1,"minecraft:skeleton_skull":1,"minecraft:stone_pickaxe":45,"minecraft:oak_planks":122,"thaumia:tainted_fence_gate":2,"minecraft:white_wool":2,"iceandfire:podium_spruce":1,"hexerei:mahogany_planks":24,"waystones:waystone":1,"minecraft:dark_oak_log":2,"minecraft:bread":184,"minecraft:melon_slice":19,"thaumia:zombie_brain":10,"thaumia:workbench":1,"quark:birch_chest":2,"minecraft:flint_and_steel":3,"mowziesmobs:umvuthana_mask_misery":3,"thaumia:tainted_log":13,"minecraft:dirt":49,"minecraft:spyglass":41,"thaumia:tainted_fence":12,"minecraft:iron_hoe":34,"blue_skies:zeal_lighter":2,"minecraft:iron_boots":1,"alexscaves:spelunkery_table":1,"thaumia:greatwood_fence":19,"minecraft:cooked_beef":5,"minecraft:iron_leggings":3,"minecraft:baked_potato":92,"iceandfire:troll_weapon_axe":2,"minecraft:smoker":1,"minecraft:apple":4,"minecraft:chicken":1,"minecraft:map":1,"minecraft:stone_axe":142,"minecraft:bucket":29,"minecraft:yellow_bed":13,"minecraft:pumpkin_pie":4,"alexsmobs:animal_dictionary":7,"minecraft:smooth_stone":2},"minecraft:custom":{"minecraft:interact_with_crafting_table":86,"minecraft:open_barrel":21,"minecraft:leave_game":19,"minecraft:time_since_death":12753,"minecraft:damage_blocked_by_shield":2280,"minecraft:play_time":619964,"minecraft:deaths":139,"minecraft:jump":6973,"minecraft:interact_with_furnace":44,"minecraft:traded_with_villager":64,"minecraft:sleep_in_bed":22,"minecraft:waystone_activated":5,"minecraft:damage_dealt":47371,"minecraft:interact_with_smoker":31,"minecraft:inspect_dispenser":1,"minecraft:sneak_time":60211,"minecraft:interact_with_blast_furnace":19,"minecraft:total_world_time":619964,"minecraft:time_since_rest":12780,"minecraft:swim_one_cm":381356,"minecraft:fly_one_cm":1097081,"minecraft:open_chest":317,"minecraft:fall_one_cm":219081,"minecraft:damage_resisted":2147483647,"minecraft:sprint_one_cm":874869,"minecraft:drop":436,"minecraft:talked_to_villager":19,"minecraft:walk_on_water_one_cm":134521,"minecraft:interact_with_loom":5,"minecraft:open_enderchest":3,"minecraft:player_kills":2,"minecraft:crouch_one_cm":206180,"minecraft:mob_kills":221,"minecraft:damage_dealt_resisted":483,"minecraft:climb_one_cm":5158,"minecraft:walk_one_cm":1572266,"minecraft:walk_under_water_one_cm":176833,"minecraft:interact_with_grindstone":1,"minecraft:damage_taken":2147483647,"minecraft:trigger_trapped_chest":3}},"DataVersion":3465}