{
  "takesapillage:root": {
    "criteria": {
      "always": "2024-07-16 00:41:02 +0000"
    },
    "done": true
  },
  "undead_revamp2:theundeadchallenges": {
    "criteria": {
      "theundeadchallenges": "2024-07-16 00:41:02 +0000"
    },
    "done": true
  },
  "thaumia:start": {
    "criteria": {
      "start_0": "2024-07-16 00:41:02 +0000"
    },
    "done": true
  },
  "simplyswords:grant_book_on_first_join": {
    "criteria": {
      "tick": "2024-07-16 00:41:02 +0000"
    },
    "done": true
  },
  "mowziesmobs:root": {
    "criteria": {
      "custom_test_name": "2024-07-16 00:41:02 +0000"
    },
    "done": true
  },
  "seadwellers:adv_root": {
    "criteria": {
      "adv_root": "2024-07-16 00:41:02 +0000"
    },
    "done": true
  },
  "the_dead_forest:the_dead_forests": {
    "criteria": {
      "the_dead_forests": "2024-07-16 00:41:02 +0000"
    },
    "done": true
  },
  "cataclysm:root": {
    "criteria": {
      "custom_test_name": "2024-07-16 00:41:02 +0000"
    },
    "done": true
  },
  "irons_spellbooks:grant_patchouli": {
    "criteria": {
      "tick": "2024-07-16 00:41:02 +0000"
    },
    "done": true
  },
  "iceandfire:iceandfire/root": {
    "criteria": {
      "tick": "2024-07-16 00:41:02 +0000"
    },
    "done": true
  },
  "iter_rpg:iter_root": {
    "criteria": {
      "iter_root_0": "2024-07-16 00:41:02 +0000"
    },
    "done": true
  },
  "mca:recipes/building_blocks/headstones": {
    "criteria": {
      "has_the_cross_recipe": "2024-07-16 00:41:02 +0000"
    },
    "done": true
  },
  "realmrpg_quests:root": {
    "criteria": {
      "root_0": "2024-07-16 00:41:02 +0000"
    },
    "done": true
  },
  "thaumia:thaumia_start": {
    "criteria": {
      "thaumia_start_0": "2024-07-16 00:41:02 +0000"
    },
    "done": true
  },
  "minecraft:adventure/adventuring_time": {
    "criteria": {
      "minecraft:cherry_grove": "2024-07-16 00:41:17 +0000",
      "minecraft:forest": "2024-07-16 00:42:58 +0000",
      "minecraft:plains": "2024-07-16 00:41:03 +0000"
    },
    "done": false
  },
  "regions_unexplored:parent": {
    "criteria": {
      "load_in_world": "2024-07-16 00:41:03 +0000"
    },
    "done": true
  },
  "minecraft:story/iron_tools": {
    "criteria": {
      "iron_pickaxe": "2024-07-16 00:43:42 +0000"
    },
    "done": true
  },
  "minecraft:husbandry/root": {
    "criteria": {
      "consumed_item": "2024-07-16 00:44:14 +0000"
    },
    "done": true
  },
  "minecraft:husbandry/balanced_diet": {
    "criteria": {
      "cooked_mutton": "2024-07-16 00:44:14 +0000"
    },
    "done": false
  },
  "blue_skies:root": {
    "criteria": {
      "enter_everdawn": "2024-07-16 00:45:01 +0000"
    },
    "done": true
  },
  "blue_skies:everdawn/enter": {
    "criteria": {
      "enter_everdawn": "2024-07-16 00:45:01 +0000"
    },
    "done": true
  },
  "blue_skies:thinking_with_portals": {
    "criteria": {
      "enter_everdawn": "2024-07-16 00:45:01 +0000"
    },
    "done": false
  },
  "minecraft:adventure/root": {
    "criteria": {
      "killed_something": "2024-07-16 00:45:21 +0000"
    },
    "done": true
  },
  "blue_skies:enter_blinding_dungeon": {
    "criteria": {
      "entered_everdawn_blinding_dungeon": "2024-07-16 00:47:14 +0000"
    },
    "done": true
  },
  "minecraft:adventure/kill_all_mobs": {
    "criteria": {
      "minecraft:vindicator": "2024-07-16 13:35:06 +0000",
      "minecraft:witch": "2024-07-16 00:47:36 +0000"
    },
    "done": false
  },
  "minecraft:adventure/kill_a_mob": {
    "criteria": {
      "minecraft:witch": "2024-07-16 00:47:36 +0000"
    },
    "done": true
  },
  "mca:recipes/misc/family_tree": {
    "criteria": {
      "has_item": "2024-07-16 13:34:22 +0000"
    },
    "done": true
  },
  "blue_skies:recipes/blue_skies_tools/pyrope_shovel": {
    "criteria": {
      "has_resource": "2024-07-16 13:34:24 +0000"
    },
    "done": true
  },
  "minecraft:nether/brew_potion": {
    "criteria": {
      "potion": "2024-07-16 13:33:12 +0000"
    },
    "done": true
  },
  "blue_skies:get_pyrope": {
    "criteria": {
      "obtain_material": "2024-07-16 13:34:24 +0000"
    },
    "done": true
  },
  "blue_skies:recipes/blue_skies_tools/pyrope_sword": {
    "criteria": {
      "has_resource": "2024-07-16 13:34:24 +0000"
    },
    "done": true
  },
  "blue_skies:recipes/blue_skies_tools/pyrope_axe": {
    "criteria": {
      "has_resource": "2024-07-16 13:34:24 +0000"
    },
    "done": true
  },
  "blue_skies:recipes/blue_skies_tools/pyrope_pickaxe": {
    "criteria": {
      "has_resource": "2024-07-16 13:34:24 +0000"
    },
    "done": true
  },
  "blue_skies:recipes/blue_skies_tools/pyrope_hoe": {
    "criteria": {
      "has_resource": "2024-07-16 13:34:24 +0000"
    },
    "done": true
  },
  "blue_skies:keys": {
    "criteria": {
      "obtain_key": "2024-07-16 13:34:28 +0000"
    },
    "done": true
  },
  "DataVersion": 3465
}